employee_id,first_name,last_name,department,location,hire_date,salary,bonus
1,Jamie,Jones,Sales,New York,2022-03-26,52700,5533
2,Jordan,Miller,Sales,Austin,2021-05-02,91153,5137
3,Skyler,Wilson,Product,Austin,2020-01-28,62122,5576
4,Casey,Wilson,Product,Chicago,2016-03-26,82255,18413
5,Taylor,Williams,Marketing,Denver,2012-03-03,57918,11739
6,Sam,Anderson,Operations,Remote,2012-10-19,92015,15711
7,Finley,Lopez,Research,Burlington,2014-04-25,69619,7563
8,Quinn,Williams,Sales,Austin,2012-04-07,54116,5172
9,Rowan,Garcia,Research,Chicago,2017-12-20,86349,15295
10,Jordan,Martin,Finance,San Francisco,2021-12-24,107933,20546
11,Skyler,Davis,Finance,Chicago,2011-04-04,69418,8739
12,Sage,Rodriguez,Finance,New York,2014-09-25,119456,25206
13,Hayden,Gonzalez,Product,Atlanta,2013-03-16,130109,14693
14,Skyler,Rodriguez,HR,Burlington,2019-08-11,49819,9913
15,Morgan,Taylor,Product,Atlanta,2012-01-15,91952,8630
16,Casey,Wilson,Engineering,Burlington,2011-06-05,141777,11422
17,Reese,Rodriguez,Research,Remote,2010-04-05,95056,23690
18,Avery,Hernandez,Sales,New York,2016-08-01,97356,15323
19,Avery,Taylor,Research,San Francisco,2021-05-21,76285,3863
20,Reese,Martin,Sales,Austin,2013-06-06,110195,12087
21,Reese,Smith,Operations,Burlington,2017-04-09,87120,13754
22,Quinn,Davis,Legal,Boston,2015-05-28,73869,17419
23,Hayden,Williams,Product,Remote,2012-10-27,135755,9113
24,Casey,Rodriguez,Marketing,Remote,2023-08-10,84585,20247
25,Riley,Martinez,Research,Denver,2024-07-29,144006,33954
26,Taylor,Davis,Operations,Austin,2011-06-09,68434,10505
27,Emerson,Davis,Operations,Boston,2011-08-05,44411,7140
28,Parker,Williams,Engineering,Remote,2015-05-04,86146,19906
29,Morgan,Jackson,HR,Burlington,2020-08-08,79462,7377
30,Riley,Brown,Finance,New York,2024-10-12,116631,24667
31,Sam,Brown,Research,Boston,2019-01-12,92760,12264
32,Riley,Miller,Operations,Remote,2020-01-24,89314,6417
33,Jamie,Williams,Marketing,Atlanta,2022-05-06,70312,7432
34,Alex,Williams,Sales,Austin,2013-09-24,54440,13602
35,Sage,Johnson,Research,San Francisco,2018-07-02,103793,9626
36,Drew,Martinez,Engineering,Denver,2022-06-19,152707,15735
37,Sam,Jackson,Legal,Remote,2011-05-15,86860,9497
38,Reese,Taylor,Operations,San Francisco,2011-04-11,46492,7756
39,Finley,Williams,Support,Austin,2019-01-21,39845,3473
40,Emerson,Martin,Sales,Boston,2023-11-22,115028,18857
41,Reese,Hernandez,Sales,Seattle,2014-08-01,79507,13256
42,Quinn,Anderson,Operations,Chicago,2011-08-18,56948,7355
43,Taylor,Williams,Engineering,Remote,2014-10-13,106329,26549
44,Jordan,Davis,Support,Chicago,2016-05-23,48729,11531
45,Quinn,Martin,Marketing,Remote,2010-03-06,71291,11309
46,Morgan,Rodriguez,Support,New York,2012-05-26,50370,9201
47,Riley,Hernandez,Support,Austin,2024-03-23,43461,4622
48,Sam,Williams,HR,Denver,2016-03-16,70302,7045
49,Avery,Garcia,Engineering,Atlanta,2022-05-17,66312,13542
50,Morgan,Moore,Research,Boston,2018-04-13,110116,7969
51,Sam,Martinez,Product,Chicago,2010-11-23,104202,14167
52,Taylor,Lopez,Operations,Remote,2019-02-12,55300,5524
53,Jamie,Garcia,Product,San Francisco,2019-04-01,119958,28208
54,Blake,Davis,Engineering,Seattle,2013-07-28,81783,19210
55,Hayden,Davis,Sales,Austin,2020-04-28,77012,4447
56,Jamie,Davis,Operations,Boston,2024-10-20,60778,12706
57,Jordan,Rodriguez,Finance,Chicago,2024-05-22,87283,9227
58,Skyler,Hernandez,Support,Boston,2012-08-02,55184,13587
59,Avery,Johnson,HR,New York,2023-05-20,51999,12610
60,Blake,Martin,Research,Remote,2012-08-05,92037,19077
61,Sam,Wilson,Research,Boston,2021-08-30,138558,12195
62,Riley,Lopez,Support,Denver,2011-07-28,68969,16418
63,Taylor,Martinez,Operations,Remote,2016-12-08,79093,14448
64,Skyler,Jones,Research,Austin,2019-06-07,90399,17125
65,Finley,Jackson,Research,Seattle,2019-02-09,119894,27642
66,Riley,Wilson,Support,Burlington,2023-08-10,76018,8420
67,Riley,Taylor,Operations,Atlanta,2013-10-22,69983,9687
68,Finley,Hernandez,Sales,New York,2015-04-09,70297,12848
69,Alex,Johnson,HR,Austin,2020-08-28,54579,4902
70,Blake,Jackson,Product,Austin,2018-08-12,127979,8263
71,Alex,Brown,Legal,Denver,2014-11-28,110366,8775
72,Drew,Johnson,Marketing,Remote,2015-08-04,93246,17640
73,Reese,Moore,Sales,Burlington,2017-02-12,82039,17251
74,Reese,Wilson,Legal,Remote,2020-01-01,130814,25358
75,Avery,Davis,Marketing,Seattle,2021-09-10,89619,12988
76,Jordan,Martinez,Legal,Austin,2016-02-04,132167,13866
77,Morgan,Jones,Operations,Austin,2018-08-04,61615,9737
78,Blake,Hernandez,Marketing,Remote,2020-06-13,87385,5491
79,Sage,Jackson,Research,Boston,2022-11-30,68230,14777
80,Quinn,Gonzalez,Research,Denver,2022-01-27,103066,24586
81,Hayden,Davis,Support,Seattle,2019-10-11,74393,17077
82,Sage,Garcia,Legal,Atlanta,2012-11-11,74786,8766
83,Emerson,Jackson,Product,Boston,2011-11-19,102729,23770
84,Sam,Rodriguez,Research,Denver,2017-05-05,74398,10589
85,Sage,Rodriguez,Finance,Denver,2015-08-29,91557,10757
86,Sam,Lopez,Sales,Austin,2024-07-31,82980,16579
87,Alex,Davis,Sales,Austin,2010-06-16,104123,18778
88,Taylor,Jackson,Product,Austin,2020-06-06,72190,5431
89,Finley,Brown,HR,San Francisco,2016-12-23,84946,7097
90,Emerson,Gonzalez,Sales,Denver,2014-06-13,90350,21302
91,Jamie,Brown,Sales,Seattle,2023-06-20,91262,19723
92,Sam,Lopez,Sales,Remote,2019-08-11,105143,17157
93,Alex,Wilson,Operations,Atlanta,2012-05-14,47171,8467
94,Drew,Jones,Research,Denver,2013-12-13,143706,25452
95,Skyler,Thomas,Support,Atlanta,2019-10-09,82342,8564
96,Jordan,Rodriguez,Product,Atlanta,2015-06-21,81471,17951
97,Parker,Smith,Legal,Atlanta,2017-04-16,126705,23267
98,Avery,Hernandez,Marketing,Seattle,2023-05-16,74252,8981
99,Riley,Williams,HR,Austin,2019-02-12,73124,11211
100,Hayden,Thomas,Legal,Atlanta,2010-05-22,125296,12287
101,Jamie,Martinez,Sales,Burlington,2018-04-12,71008,9293
102,Skyler,Hernandez,Legal,Chicago,2020-03-06,125133,14859
103,Riley,Hernandez,HR,New York,2022-01-07,59170,5686
104,Avery,Jackson,Marketing,Remote,2023-05-21,56492,11169
105,Quinn,Davis,HR,Chicago,2014-01-09,96908,20983
106,Avery,Johnson,HR,Boston,2022-05-31,42792,6710
107,Hayden,Brown,HR,Boston,2022-11-16,81055,6099
108,Casey,Johnson,HR,Seattle,2020-09-18,68286,9429
109,Jordan,Jackson,Sales,Boston,2013-05-27,106903,13912
110,Jordan,Davis,Marketing,New York,2022-07-08,93668,22463
111,Jamie,Taylor,Research,Denver,2020-02-08,113930,23714
112,Blake,Martinez,Legal,Burlington,2023-12-06,100545,16861
113,Riley,Miller,Engineering,Seattle,2024-10-24,119647,23692
114,Jordan,Garcia,Sales,Boston,2019-03-01,61679,5228
115,Sam,Davis,Legal,Seattle,2016-05-05,138179,19895
116,Avery,Jackson,Legal,Austin,2019-07-15,78833,7621
117,Avery,Jones,Sales,New York,2011-05-04,88030,15803
118,Emerson,Martinez,Marketing,Atlanta,2012-10-15,92557,15642
119,Avery,Taylor,Legal,Remote,2021-01-28,138113,26234
120,Blake,Hernandez,Legal,Burlington,2015-08-14,79722,4621
121,Emerson,Jackson,Engineering,Boston,2016-01-17,74036,17945
122,Hayden,Taylor,Product,Atlanta,2016-03-28,63218,12722
123,Hayden,Williams,Marketing,Atlanta,2017-10-21,104816,14378
124,Casey,Hernandez,Research,Denver,2021-02-10,90997,16745
125,Skyler,Johnson,HR,Atlanta,2011-12-23,79104,10290
126,Sage,Taylor,Operations,Boston,2024-10-01,57738,4225
127,Reese,Lopez,Support,Burlington,2021-03-07,58174,3539
128,Skyler,Jones,Legal,Seattle,2019-10-30,144959,13149
129,Finley,Davis,Legal,San Francisco,2016-12-20,83656,20464
130,Jamie,Brown,Support,Atlanta,2012-08-20,36656,4823
131,Reese,Rodriguez,Marketing,Denver,2020-10-27,74902,14480
132,Sage,Miller,Legal,Burlington,2021-05-26,95398,15287
133,Blake,Hernandez,Marketing,Remote,2015-12-29,96841,10192
134,Emerson,Jackson,Engineering,Atlanta,2013-05-02,90889,9971
135,Skyler,Moore,Legal,Denver,2020-03-19,123703,14723
136,Jamie,Jackson,Operations,Denver,2015-03-29,93289,22963
137,Sage,Gonzalez,Research,San Francisco,2021-02-09,66666,13262
138,Parker,Brown,Engineering,Atlanta,2012-03-27,77109,18742
139,Morgan,Wilson,Support,San Francisco,2011-09-05,79701,4229
140,Finley,Gonzalez,Legal,New York,2017-05-15,147026,15144
141,Hayden,Moore,Support,Boston,2023-11-07,54240,6147
142,Quinn,Davis,Sales,New York,2019-09-26,66964,12514
143,Taylor,Anderson,Sales,San Francisco,2016-09-19,102705,19593
144,Quinn,Lopez,Engineering,Chicago,2019-08-30,70047,14655
145,Casey,Garcia,Marketing,San Francisco,2011-10-09,59651,7898
146,Jamie,Thomas,Product,Burlington,2013-03-18,129667,22554
147,Avery,Smith,Finance,Atlanta,2016-06-14,92047,9277
148,Rowan,Jackson,Support,Seattle,2024-05-01,43582,6029
149,Quinn,Miller,Research,Denver,2020-11-02,120986,17103
150,Emerson,Martinez,Sales,Seattle,2010-06-29,67129,11034
151,Sam,Martin,Research,Atlanta,2016-06-02,86056,14043
152,Riley,Martin,Finance,Seattle,2024-10-14,103136,12424
153,Sam,Martinez,Marketing,Atlanta,2010-10-01,82694,19075
154,Quinn,Hernandez,Product,Denver,2013-12-09,89188,6803
155,Rowan,Taylor,Finance,Remote,2016-02-11,67044,10585
156,Hayden,Martinez,Marketing,Chicago,2012-08-01,60418,12986
157,Jamie,Gonzalez,Legal,Remote,2018-03-16,164437,12850
158,Skyler,Brown,Sales,Atlanta,2018-04-08,104766,5529
159,Rowan,Brown,HR,Austin,2020-07-29,74735,16029
160,Parker,Martin,Engineering,Austin,2024-07-11,120520,28760
161,Quinn,Wilson,Sales,New York,2013-02-19,94207,13457
162,Hayden,Brown,Engineering,New York,2015-04-08,149271,16550
163,Skyler,Wilson,Support,Burlington,2013-06-19,42511,5982
164,Finley,Wilson,Research,Seattle,2010-09-26,118013,25577
165,Jamie,Lopez,Operations,New York,2018-03-29,55714,7740
166,Sam,Gonzalez,Support,Seattle,2014-04-04,79281,14188
167,Jordan,Miller,Sales,Burlington,2010-06-24,115532,24820
168,Morgan,Jackson,Engineering,Austin,2011-07-17,135237,13349
169,Jamie,Hernandez,Support,San Francisco,2023-05-15,45943,4281
170,Morgan,Moore,Engineering,Seattle,2013-11-30,90400,22311
171,Alex,Lopez,Sales,Austin,2023-03-17,95951,5292
172,Morgan,Wilson,Operations,Remote,2012-07-20,44108,4546
173,Reese,Jackson,Sales,New York,2020-02-20,83384,17144
174,Reese,Martinez,Support,Atlanta,2024-06-06,46634,8068
175,Sage,Wilson,Engineering,New York,2020-12-30,71352,10402
176,Finley,Jones,Legal,New York,2012-10-30,79055,5230
177,Parker,Gonzalez,HR,Burlington,2021-11-25,76961,12858
178,Taylor,Brown,HR,Remote,2014-10-28,67408,11532
179,Parker,Anderson,Research,Denver,2019-05-01,100930,9658
180,Avery,Lopez,Sales,San Francisco,2020-08-21,72253,8128
181,Blake,Brown,Sales,Chicago,2012-12-01,57203,3836
182,Skyler,Hernandez,Support,New York,2019-03-20,38879,9382
183,Blake,Johnson,Operations,Seattle,2023-06-20,93519,22278
184,Riley,Jones,HR,Atlanta,2015-01-12,61692,10215
185,Taylor,Rodriguez,Sales,Burlington,2015-01-27,74807,12062
186,Finley,Martin,Research,Remote,2010-08-04,133993,32816
187,Avery,Smith,Product,San Francisco,2016-02-17,134326,28999
188,Casey,Jones,HR,Burlington,2024-09-28,93606,11251
189,Alex,Williams,Research,Remote,2014-10-29,68845,13644
190,Rowan,Martinez,Research,Chicago,2022-09-24,98265,11612
191,Casey,Martin,Product,Boston,2011-10-31,66796,4042
192,Finley,Anderson,HR,Denver,2016-02-16,66814,9006
193,Blake,Brown,Finance,Seattle,2023-04-21,114375,8322
194,Jamie,Gonzalez,Legal,Burlington,2011-03-25,122585,13690
195,Morgan,Rodriguez,Engineering,Seattle,2017-05-11,83989,20078
196,Casey,Jones,Sales,Denver,2021-12-11,51525,10274
197,Rowan,Williams,Finance,Denver,2010-12-13,95019,20587
198,Parker,Jackson,Research,Denver,2022-11-11,64574,15125
199,Taylor,Gonzalez,Research,Boston,2017-04-14,122597,16371
200,Rowan,Williams,Marketing,Denver,2012-05-17,93079,16160
201,Jordan,Gonzalez,Finance,Seattle,2017-08-13,90111,11722
202,Reese,Brown,Finance,Remote,2021-06-09,82313,6883
203,Morgan,Davis,Finance,New York,2013-04-14,125850,15086
204,Jordan,Garcia,HR,Atlanta,2020-05-28,53047,9043
205,Emerson,Martin,Product,Chicago,2024-01-26,120790,16884
206,Drew,Martinez,Operations,Seattle,2023-04-07,51895,3303
207,Drew,Anderson,Engineering,Boston,2011-04-12,96970,6287
208,Jordan,Martin,Operations,Burlington,2021-05-16,91105,5953
209,Sam,Anderson,Research,Burlington,2024-08-14,101867,16386
210,Morgan,Johnson,Finance,Atlanta,2012-04-27,81436,11818
211,Casey,Johnson,Operations,Austin,2019-10-27,99785,6672
212,Rowan,Lopez,Legal,Seattle,2018-09-09,122310,21032
213,Sam,Hernandez,Research,New York,2017-05-24,128055,23789
214,Avery,Martin,Sales,San Francisco,2017-06-23,88941,11323
215,Rowan,Martinez,Sales,Denver,2012-11-22,90626,7094
216,Skyler,Gonzalez,Product,Chicago,2012-11-12,116706,7812
217,Reese,Lopez,Support,Boston,2018-02-18,40485,7452
218,Hayden,Miller,HR,Austin,2013-01-31,52094,4836
219,Taylor,Taylor,Marketing,Remote,2021-10-23,49629,10863
220,Finley,Jones,Engineering,Burlington,2018-06-14,124249,27990
221,Finley,Garcia,Marketing,Atlanta,2010-12-24,54734,11837
222,Drew,Martin,Research,Seattle,2020-01-26,93601,18150
223,Hayden,Miller,Finance,Chicago,2022-10-17,97584,10919
224,Sage,Taylor,Legal,Remote,2019-05-23,116321,12371
225,Morgan,Rodriguez,Marketing,Boston,2024-05-19,94013,19766
226,Taylor,Taylor,Legal,New York,2016-05-24,155915,25087
227,Reese,Jones,Sales,Denver,2012-01-22,102891,10758
228,Alex,Wilson,Finance,Boston,2018-11-22,119069,27019
229,Jordan,Lopez,Support,Austin,2010-08-19,53950,6864
230,Parker,Jones,Operations,San Francisco,2010-11-10,96815,21089
231,Morgan,Thomas,HR,Atlanta,2023-10-20,93374,13491
232,Riley,Jones,Engineering,Remote,2023-08-28,145715,7839
233,Jamie,Martinez,Support,New York,2011-01-27,56316,11557
234,Drew,Williams,Finance,New York,2021-03-18,88906,18561
235,Emerson,Davis,Product,San Francisco,2016-07-14,102884,18147
236,Emerson,Wilson,Research,San Francisco,2024-11-25,63131,7611
237,Reese,Moore,Sales,Remote,2021-05-21,86596,10575
238,Sam,Gonzalez,Support,Chicago,2015-09-09,36976,8307
239,Jamie,Brown,Engineering,Burlington,2017-06-16,97424,6187
240,Casey,Anderson,Marketing,Atlanta,2024-03-03,47660,7587
241,Drew,Johnson,Marketing,Seattle,2014-07-10,93689,5866
242,Parker,Martinez,Engineering,Remote,2018-12-07,135617,30806
243,Riley,Martinez,Support,Chicago,2011-01-27,58723,3366
244,Blake,Gonzalez,Operations,Atlanta,2018-09-03,58937,12369
245,Hayden,Lopez,Operations,Remote,2015-12-25,99286,14817
246,Finley,Garcia,Sales,Remote,2016-08-03,100441,6607
247,Quinn,Martinez,Operations,Atlanta,2023-07-08,49109,5676
248,Drew,Johnson,Research,Chicago,2023-10-16,76998,10685
249,Sam,Williams,Research,Denver,2018-02-24,86062,21171
250,Alex,Jones,Support,Burlington,2019-10-30,74452,13839
251,Rowan,Lopez,Engineering,Denver,2022-09-21,77108,7494
252,Rowan,Lopez,Engineering,Atlanta,2011-09-22,119248,22157
253,Parker,Rodriguez,Product,Austin,2012-07-18,71015,8762
254,Sage,Moore,Engineering,New York,2015-11-15,130739,19585
255,Finley,Martinez,HR,Atlanta,2014-06-28,81426,7565
256,Casey,Anderson,Sales,New York,2017-03-03,60229,3903
257,Quinn,Martinez,Operations,San Francisco,2024-04-21,84069,13450
258,Taylor,Miller,Marketing,San Francisco,2015-04-24,92621,14055
259,Rowan,Anderson,Legal,Remote,2012-11-29,74523,11983
260,Sage,Thomas,Product,Remote,2019-03-20,130739,8256
261,Parker,Williams,Research,Atlanta,2020-06-13,132160,8557
262,Skyler,Jackson,Support,San Francisco,2012-11-23,52536,11851
263,Taylor,Taylor,Research,San Francisco,2016-10-27,105240,23536
264,Jamie,Lopez,Marketing,Remote,2016-05-15,54718,12965
265,Skyler,Rodriguez,Sales,San Francisco,2024-01-08,68041,12044
266,Casey,Jackson,HR,Burlington,2013-06-17,76407,5248
267,Finley,Hernandez,Marketing,Burlington,2010-12-04,84523,16408
268,Emerson,Rodriguez,Engineering,Austin,2022-10-31,73147,17534
269,Skyler,Martinez,Research,Seattle,2020-10-31,114921,6442
270,Quinn,Anderson,Finance,New York,2011-05-06,118156,22094
271,Riley,Hernandez,Marketing,Burlington,2013-03-22,71376,10481
272,Rowan,Gonzalez,Operations,San Francisco,2018-04-24,92821,10568
273,Drew,Brown,Support,Seattle,2020-02-01,62959,7166
274,Sage,Martin,Finance,Denver,2015-07-27,67706,4070
275,Parker,Miller,Marketing,San Francisco,2021-03-05,93808,22209
276,Hayden,Smith,Support,New York,2018-10-27,58407,13189
277,Emerson,Lopez,Support,Boston,2011-02-19,57947,5687
278,Hayden,Martinez,HR,Remote,2010-03-08,69714,15787
279,Rowan,Gonzalez,Sales,Chicago,2011-01-06,80303,18187
280,Rowan,Moore,Research,Seattle,2011-08-26,67297,10926
281,Avery,Martin,Research,Burlington,2012-08-31,105357,21374
282,Parker,Moore,Marketing,Chicago,2013-03-27,103504,13329
283,Sam,Johnson,Finance,Boston,2013-01-27,102787,13390
284,Morgan,Martin,Operations,Remote,2013-02-19,89508,13772
285,Sage,Martin,Operations,Seattle,2023-04-26,96846,11011
286,Hayden,Jackson,Operations,Seattle,2020-08-26,72421,11003
287,Blake,Jackson,Engineering,Seattle,2024-02-11,98415,18183
288,Emerson,Jackson,Engineering,Austin,2011-02-25,118528,12220
289,Finley,Gonzalez,Product,San Francisco,2015-06-08,98435,15242
290,Riley,Smith,Engineering,Atlanta,2017-01-13,116386,22125
291,Blake,Taylor,Research,Burlington,2020-07-30,75720,14242
292,Skyler,Hernandez,Engineering,Atlanta,2021-10-14,128108,19694
293,Skyler,Hernandez,Research,Remote,2017-12-12,89355,7562
294,Jamie,Rodriguez,HR,Remote,2016-09-11,76164,6736
295,Quinn,Miller,Finance,Atlanta,2017-02-10,128552,31681
296,Avery,Martinez,Legal,New York,2022-11-11,105485,24972
297,Rowan,Jones,Support,Seattle,2010-12-11,54225,13341
298,Drew,Rodriguez,HR,Atlanta,2014-10-19,95497,6284
299,Skyler,Rodriguez,Finance,San Francisco,2012-06-13,119924,12499
300,Sam,Taylor,Product,Austin,2024-04-23,119271,11671
301,Hayden,Brown,Finance,San Francisco,2010-02-12,60989,8090
302,Hayden,Thomas,Support,Austin,2016-06-11,82939,6766
303,Jordan,Jackson,Operations,Austin,2022-01-01,59639,3687
304,Casey,Johnson,Engineering,Denver,2021-02-10,146364,12442
305,Quinn,Johnson,Marketing,Boston,2016-09-10,101196,24532
306,Parker,Martinez,Product,Atlanta,2024-05-20,108222,25506
307,Morgan,Taylor,Support,Atlanta,2016-02-14,61167,13937
308,Drew,Rodriguez,Finance,San Francisco,2010-04-26,118469,13758
309,Riley,Garcia,Operations,Burlington,2024-04-29,88748,14515
310,Jordan,Gonzalez,Research,New York,2014-02-22,132467,20274
311,Alex,Rodriguez,Marketing,Denver,2015-04-14,73647,17466
312,Quinn,Jackson,Legal,Burlington,2010-04-04,144360,34762
313,Sam,Brown,HR,Atlanta,2016-11-18,78606,14821
314,Quinn,Brown,Marketing,Seattle,2018-03-30,69324,10433
315,Hayden,Jones,Product,Atlanta,2023-08-03,77667,18754
316,Hayden,Moore,Operations,Austin,2015-07-21,67152,10734
317,Drew,Taylor,Product,Chicago,2011-10-02,129850,8618
318,Reese,Miller,Product,Burlington,2022-01-14,68976,14881
319,Drew,Brown,Marketing,Austin,2023-01-30,54872,12121
320,Sam,Anderson,Legal,San Francisco,2021-07-06,80730,12277
321,Drew,Martinez,Research,Boston,2018-11-18,101371,6239
322,Emerson,Williams,HR,Boston,2019-07-03,87721,17470
323,Sam,Williams,Operations,Atlanta,2010-09-17,83542,13219
324,Blake,Lopez,HR,Denver,2020-01-23,64896,13225
325,Skyler,Jones,Research,Chicago,2012-08-29,94554,17638
326,Morgan,Davis,Marketing,Boston,2010-07-06,104570,13448
327,Blake,Moore,HR,Denver,2015-02-25,67928,13165
328,Riley,Brown,Finance,Boston,2024-10-22,92007,7454
329,Alex,Davis,Research,Austin,2011-07-06,114653,27201
330,Sam,Davis,Sales,Boston,2019-01-09,91388,12729
331,Sam,Jones,Legal,Remote,2016-06-27,94496,8831
332,Parker,Jackson,Finance,Burlington,2017-03-11,118999,23359
333,Reese,Davis,Finance,Denver,2016-09-27,79934,6286
334,Casey,Wilson,HR,Remote,2021-02-12,45413,10885
335,Sage,Taylor,Engineering,Chicago,2019-05-04,151561,36119
336,Skyler,Thomas,Research,Austin,2015-01-21,75534,9463
337,Drew,Johnson,HR,Remote,2019-04-04,90022,7100
338,Jamie,Rodriguez,Research,Austin,2017-05-29,109812,8435
339,Jordan,Moore,Sales,Austin,2011-02-27,113711,24951
340,Sam,Williams,HR,Austin,2023-03-07,63121,10793
341,Parker,Martinez,Support,Boston,2014-10-02,46416,4259
342,Hayden,Davis,Finance,Burlington,2014-08-03,130117,9558
343,Quinn,Gonzalez,Research,Atlanta,2021-12-20,139870,22437
344,Hayden,Anderson,Operations,New York,2020-07-13,60965,7433
345,Blake,Johnson,Operations,Burlington,2014-12-18,95865,11900
346,Emerson,Jackson,Marketing,Denver,2016-08-15,45973,7386
347,Emerson,Davis,Marketing,Atlanta,2022-05-08,56771,5450
348,Hayden,Anderson,Operations,San Francisco,2017-11-25,58022,12435
349,Casey,Moore,Marketing,Boston,2021-10-02,53397,8506
350,Sam,Smith,Engineering,Denver,2013-01-31,139838,9070
351,Riley,Taylor,Finance,Atlanta,2018-05-16,62165,4986
352,Finley,Thomas,Engineering,Atlanta,2010-05-09,120369,22069
353,Alex,Taylor,Engineering,Seattle,2022-01-06,112834,14924
354,Blake,Garcia,HR,New York,2012-02-29,42959,9134
355,Reese,Rodriguez,Support,Chicago,2015-12-30,43147,3813
356,Drew,Jackson,Research,Austin,2015-01-25,69637,16842
357,Sam,Williams,HR,Denver,2018-07-04,80306,17633
358,Alex,Garcia,Research,New York,2021-03-18,109426,6699
359,Taylor,Taylor,Research,Boston,2015-02-26,117172,13621
360,Emerson,Thomas,Finance,Seattle,2011-01-17,125496,23650
361,Skyler,Jackson,Sales,Boston,2014-01-09,97541,10346
362,Morgan,Gonzalez,Operations,New York,2016-09-17,44101,4032
363,Sage,Moore,Marketing,Chicago,2018-08-11,78837,12877
364,Jordan,Taylor,Marketing,Chicago,2011-03-16,92429,17363
365,Parker,Martin,Sales,Burlington,2023-05-12,80722,17575
366,Avery,Anderson,Research,Atlanta,2015-02-12,144389,16644
367,Casey,Jackson,Operations,Denver,2011-12-04,75054,9388
368,Jordan,Williams,Product,Seattle,2013-06-17,83630,8303
369,Sage,Hernandez,Research,Chicago,2012-05-22,122780,21705
370,Rowan,Rodriguez,Sales,New York,2012-12-21,51353,5733
371,Skyler,Taylor,Sales,Denver,2012-04-26,63742,8909
372,Finley,Martin,Engineering,Chicago,2018-08-22,73886,11884
373,Jordan,Moore,Engineering,Austin,2022-10-30,91682,11694
374,Morgan,Rodriguez,Support,Seattle,2016-01-08,44139,5567
375,Avery,Wilson,Legal,Seattle,2020-11-10,86009,7176
376,Hayden,Martin,Sales,Burlington,2014-05-21,75556,18046
377,Sage,Hernandez,Legal,Burlington,2018-07-10,82269,9126
378,Finley,Jones,Operations,Seattle,2017-03-11,68556,9332
379,Parker,Garcia,Product,Denver,2017-02-27,135782,12243
380,Emerson,Davis,HR,Chicago,2018-06-08,83152,14683
381,Taylor,Jackson,HR,Austin,2023-04-14,87723,11280
382,Alex,Anderson,Support,Austin,2019-11-01,44636,9084
383,Blake,Thomas,HR,San Francisco,2024-03-16,88551,5652
384,Blake,Gonzalez,HR,New York,2020-01-27,55553,10095
385,Reese,Wilson,Product,Remote,2010-10-29,98338,12799
386,Finley,Williams,Operations,New York,2015-07-27,83614,17764
387,Emerson,Gonzalez,Operations,Chicago,2019-08-28,52781,9106
388,Reese,Taylor,Sales,Remote,2023-01-08,51717,5262
389,Drew,Jackson,Product,Remote,2013-05-19,77682,9696
390,Quinn,Wilson,Operations,New York,2012-08-08,100667,14753
391,Riley,Taylor,Marketing,Atlanta,2017-10-24,65899,7816
392,Drew,Hernandez,Legal,New York,2016-09-25,81371,15818
393,Parker,Brown,Engineering,San Francisco,2015-06-22,137296,10024
394,Skyler,Wilson,Support,Atlanta,2015-03-15,44373,3639
395,Blake,Gonzalez,Research,Boston,2023-10-10,115899,10115
396,Alex,Miller,Finance,Austin,2016-03-30,91167,12390
397,Skyler,Garcia,Sales,Chicago,2017-04-24,90259,18945
398,Hayden,Taylor,Finance,Chicago,2023-05-23,91773,9404
399,Rowan,Lopez,Research,Atlanta,2023-11-06,114349,19142
400,Quinn,Martin,Marketing,Burlington,2011-11-26,93824,17938
401,Taylor,Garcia,Marketing,Chicago,2013-03-04,63791,6233
402,Emerson,Gonzalez,Support,Denver,2014-03-02,54646,9250
403,Casey,Moore,Legal,San Francisco,2020-12-25,133008,25096
404,Drew,Martin,HR,Boston,2018-01-20,49856,5629
405,Sage,Moore,Engineering,Remote,2024-08-24,108645,9672
406,Drew,Thomas,Legal,San Francisco,2011-11-09,111276,16507
407,Quinn,Johnson,Product,Seattle,2015-01-16,62468,12631
408,Emerson,Thomas,Support,Remote,2021-06-16,49856,10277
409,Skyler,Lopez,Sales,Remote,2010-12-07,89944,9316
410,Taylor,Davis,Legal,Seattle,2010-09-22,124449,30857
411,Jordan,Anderson,Legal,New York,2015-04-26,97230,21627
412,Rowan,Martin,Finance,Denver,2013-09-21,118613,19877
413,Riley,Johnson,Product,Burlington,2017-11-13,71138,6496
414,Parker,Martinez,Support,Seattle,2022-11-05,49492,7807
415,Taylor,Jones,HR,Denver,2011-05-01,95334,14574
416,Morgan,Davis,HR,San Francisco,2017-03-23,90554,6825
417,Hayden,Jones,Finance,Burlington,2024-03-08,114871,21279
418,Jordan,Williams,HR,Denver,2021-07-25,77157,9647
419,Drew,Thomas,HR,Chicago,2023-01-20,80903,18240
420,Jordan,Anderson,Engineering,Chicago,2011-06-03,142463,31261
421,Riley,Thomas,Support,Seattle,2017-03-29,55090,13421
422,Emerson,Thomas,HR,Chicago,2011-02-01,60914,10086
423,Drew,Smith,Engineering,New York,2013-07-18,74762,15459
424,Blake,Miller,Legal,San Francisco,2024-07-30,115825,28767
425,Avery,Williams,HR,Chicago,2015-08-14,50902,12040
426,Casey,Johnson,Sales,Denver,2024-01-12,76285,17603
427,Blake,Williams,HR,New York,2010-01-09,82655,16617
428,Jamie,Taylor,Finance,Atlanta,2010-03-18,93237,7136
429,Blake,Jones,Engineering,Atlanta,2011-08-04,127212,27149
430,Taylor,Brown,Finance,Chicago,2018-03-31,86113,16891
431,Morgan,Jones,HR,New York,2021-11-24,49679,10168
432,Drew,Lopez,Product,Austin,2024-02-02,60677,10922
433,Drew,Miller,Marketing,New York,2012-04-03,100193,17354
434,Sage,Lopez,Marketing,Denver,2017-01-20,90146,15136
435,Jamie,Moore,Marketing,Burlington,2023-06-17,59867,10711
436,Alex,Martinez,Product,Austin,2021-08-12,82793,19725
437,Quinn,Johnson,Product,Austin,2021-02-06,100761,20108
438,Finley,Williams,Research,Remote,2010-04-09,72470,10864
439,Emerson,Wilson,Operations,Chicago,2022-04-03,96994,7410
440,Jordan,Smith,Marketing,Burlington,2011-07-08,90763,21863
441,Sam,Gonzalez,Engineering,Remote,2016-06-04,89072,5163
442,Sage,Williams,Support,Remote,2022-01-22,72821,9810
443,Jordan,Taylor,Product,Austin,2013-06-26,72214,4818
444,Jordan,Martinez,Support,Denver,2015-05-09,51684,8646
445,Taylor,Anderson,Engineering,Burlington,2023-08-28,87514,20559
446,Casey,Brown,Engineering,Boston,2013-01-29,93217,18488
447,Reese,Taylor,Engineering,Seattle,2013-09-29,80417,19348
448,Avery,Brown,Operations,Boston,2017-07-07,50511,10416
449,Emerson,Williams,Research,Atlanta,2020-03-17,85846,5388
450,Emerson,Garcia,Support,Chicago,2013-07-12,53285,7988
451,Taylor,Davis,HR,Remote,2010-01-22,85306,19522
452,Sam,Thomas,Engineering,Chicago,2018-08-04,141564,7426
453,Sam,Moore,Marketing,Denver,2015-01-14,55737,13492
454,Parker,Rodriguez,Operations,New York,2022-10-27,57499,13407
455,Sam,Garcia,Operations,Austin,2021-07-27,50077,9247
456,Drew,Martinez,Engineering,Seattle,2017-05-05,149958,9565
457,Riley,Martinez,Sales,Burlington,2016-10-25,88610,4571
458,Hayden,Miller,Product,Remote,2015-07-02,79406,9818
459,Jamie,Moore,Marketing,Chicago,2024-04-06,45382,5990
460,Sage,Martinez,Engineering,New York,2014-08-08,149687,7528
461,Sam,Jones,Support,Seattle,2012-02-02,83189,11144
462,Reese,Wilson,Engineering,Chicago,2020-04-13,147072,33746
463,Sage,Williams,Sales,Burlington,2022-09-26,90492,13672
464,Jamie,Martinez,Engineering,Seattle,2017-01-24,104278,25323
465,Parker,Anderson,Research,Seattle,2015-03-29,121860,24015
466,Emerson,Brown,Sales,San Francisco,2012-05-15,115161,8893
467,Taylor,Moore,Marketing,Chicago,2014-08-28,71974,8119
468,Taylor,Williams,Legal,San Francisco,2016-10-28,101597,10464
469,Parker,Jones,Product,New York,2015-07-27,63226,13731
470,Quinn,Rodriguez,Operations,San Francisco,2010-09-12,66023,3947
471,Skyler,Davis,Research,New York,2020-05-13,134786,21726
472,Alex,Johnson,Sales,Austin,2012-12-06,105664,8237
473,Jordan,Jackson,Finance,Burlington,2015-10-22,119599,14883
474,Drew,Jones,Sales,New York,2017-06-09,52482,3300
475,Casey,Jackson,Sales,Denver,2018-11-10,53903,7664
476,Casey,Lopez,Legal,Austin,2014-03-14,74830,13966
477,Sam,Martin,HR,Burlington,2023-11-03,57671,13073
478,Skyler,Thomas,Finance,Boston,2011-12-20,106193,15905
479,Reese,Davis,HR,Remote,2010-06-09,63448,8492
480,Skyler,Thomas,Research,Chicago,2022-09-08,128680,15676
481,Alex,Hernandez,Support,Burlington,2014-11-30,51437,5353
482,Sam,Thomas,Engineering,Remote,2018-01-07,144827,29792
483,Taylor,Davis,Product,Austin,2015-12-24,139968,34263
484,Sam,Davis,Support,Burlington,2018-09-17,75181,17551
485,Casey,Garcia,Operations,Austin,2023-04-16,97067,24102
486,Emerson,Smith,Operations,Chicago,2022-09-25,89637,16988
487,Hayden,Moore,Product,Seattle,2013-12-09,71368,17105
488,Finley,Davis,Legal,Boston,2021-10-22,75644,4631
489,Riley,Jones,Legal,Chicago,2013-12-24,72065,16832
490,Morgan,Brown,Operations,Remote,2018-03-09,46630,3709
491,Sage,Jackson,Sales,New York,2017-07-20,76404,18213
492,Blake,Thomas,HR,Chicago,2013-11-28,60065,14726
493,Rowan,Davis,Support,Burlington,2013-12-07,69290,16336
494,Morgan,Garcia,Research,Boston,2022-11-06,88773,16662
495,Emerson,Johnson,Research,San Francisco,2023-07-06,134463,27452
496,Jamie,Jackson,Operations,New York,2021-02-16,96251,23437
497,Rowan,Hernandez,Marketing,San Francisco,2024-04-08,64870,4252
498,Parker,Anderson,Sales,Boston,2015-12-13,106873,19665
499,Avery,Brown,Finance,Boston,2011-01-30,75965,4828
500,Casey,Wilson,Research,Atlanta,2018-06-30,99810,13367
501,Hayden,Jackson,Operations,Austin,2013-08-25,74650,5246
502,Quinn,Smith,Legal,Chicago,2015-11-10,79076,17329
503,Sage,Garcia,Sales,New York,2022-04-09,56045,4708
504,Hayden,Smith,Sales,Denver,2024-08-29,73980,18277
505,Sam,Brown,Marketing,Chicago,2014-08-11,81439,11144
506,Skyler,Rodriguez,Finance,Seattle,2016-09-02,88105,14169
507,Skyler,Thomas,Finance,San Francisco,2011-03-23,64289,8266
508,Finley,Thomas,Operations,Austin,2012-03-05,43419,2931
509,Jordan,Thomas,Engineering,New York,2016-12-01,84211,14959
510,Avery,Williams,Research,Remote,2018-09-10,102559,23483
511,Casey,Anderson,Marketing,Boston,2015-11-27,67261,8494
512,Avery,Jackson,Legal,Boston,2013-05-23,116645,11110
513,Skyler,Wilson,Sales,Burlington,2015-02-07,56828,6748
514,Reese,Wilson,Support,Remote,2020-08-25,38927,4960
515,Jordan,Gonzalez,Product,Boston,2021-04-06,130532,18960
516,Finley,Jones,Product,New York,2020-01-27,132036,27739
517,Riley,Miller,Marketing,San Francisco,2010-12-16,101943,8505
518,Riley,Jones,Research,Burlington,2015-10-14,69582,12985
519,Jordan,Williams,Operations,Denver,2022-06-24,95662,22273
520,Reese,Anderson,Research,Boston,2023-12-23,109372,24206
521,Blake,Jones,Product,San Francisco,2022-09-16,101804,13633
522,Taylor,Brown,Product,Burlington,2012-04-07,106614,25903
523,Blake,Rodriguez,HR,Denver,2024-09-08,90578,20473
524,Casey,Rodriguez,Legal,Denver,2013-03-24,126914,18352
525,Sam,Gonzalez,Product,Chicago,2015-05-01,108692,20513
526,Rowan,Smith,Engineering,Chicago,2016-10-18,131625,30822
527,Taylor,Davis,HR,San Francisco,2016-09-27,57699,8558
528,Blake,Martin,Legal,New York,2014-03-20,146306,16704
529,Hayden,Taylor,Legal,Chicago,2011-04-06,92293,19823
530,Reese,Gonzalez,Support,San Francisco,2021-10-04,73991,4670
531,Riley,Johnson,Product,Austin,2010-09-28,62315,5518
532,Riley,Rodriguez,Legal,Chicago,2020-05-30,76853,9381
533,Alex,Davis,Support,Chicago,2020-12-18,55053,12916
534,Hayden,Jackson,Product,Remote,2017-11-05,95688,23166
535,Jordan,Martinez,Operations,Boston,2018-09-02,52618,12044
536,Riley,Davis,Engineering,Austin,2014-08-21,80335,13211
537,Alex,Thomas,HR,San Francisco,2024-07-09,78488,11981
538,Avery,Martin,Marketing,Seattle,2024-06-01,81068,4190
539,Rowan,Anderson,HR,Seattle,2014-11-23,65733,8236
540,Finley,Gonzalez,Legal,Burlington,2012-04-18,101005,15567
541,Rowan,Moore,Engineering,Burlington,2023-08-30,111013,20256
542,Jordan,Hernandez,HR,Seattle,2024-05-14,58714,4205
543,Quinn,Miller,Operations,San Francisco,2021-08-08,92821,9489
544,Finley,Gonzalez,Finance,Chicago,2013-02-20,125376,26465
545,Avery,Wilson,Engineering,Denver,2018-09-16,123675,30856
546,Riley,Hernandez,Engineering,Austin,2021-12-28,117306,29203
547,Reese,Martinez,Legal,San Francisco,2024-10-01,159026,29320
548,Morgan,Rodriguez,Support,Remote,2014-02-08,44694,3107
549,Jamie,Martinez,Operations,Denver,2017-06-07,80895,7640
550,Taylor,Thomas,Operations,Boston,2024-03-24,58208,6333
551,Hayden,Miller,Product,Remote,2012-09-08,106425,18531
552,Morgan,Jones,Research,Austin,2017-09-08,107506,14257
553,Drew,Jones,Research,Chicago,2014-01-17,145924,33353
554,Casey,Hernandez,Sales,Boston,2010-02-08,84155,14828
555,Casey,Jackson,Legal,San Francisco,2020-12-24,98258,19871
556,Blake,Gonzalez,Sales,Denver,2020-09-15,59799,8177
557,Rowan,Smith,Research,Chicago,2021-11-29,63392,9937
558,Jamie,Davis,Finance,Chicago,2016-12-31,58361,2966
559,Quinn,Garcia,Marketing,New York,2011-01-10,51162,7708
560,Reese,Martin,HR,Remote,2017-07-30,95113,13428
561,Parker,Thomas,Research,Chicago,2014-03-24,137589,34272
562,Sage,Smith,Marketing,Austin,2015-01-12,101885,23804
563,Reese,Garcia,Marketing,New York,2018-03-23,57671,3136
564,Skyler,Martin,Engineering,Boston,2023-04-28,99016,17631
565,Alex,Johnson,Engineering,New York,2019-05-08,124253,22454
566,Hayden,Jones,Legal,Austin,2024-02-20,108504,17301
567,Reese,Rodriguez,Engineering,Burlington,2023-08-02,92498,16865
568,Reese,Martin,Marketing,New York,2016-05-04,70129,16110
569,Finley,Miller,Sales,Seattle,2021-09-25,104363,15607
570,Casey,Johnson,Finance,Remote,2021-02-18,84202,11110
571,Jamie,Smith,Finance,Boston,2011-12-31,109303,15972
572,Morgan,Williams,Sales,Remote,2011-09-07,107795,19813
573,Drew,Martinez,Sales,Seattle,2020-05-31,112524,20126
574,Sam,Martinez,Engineering,Chicago,2017-01-05,74783,6352
575,Sam,Smith,Research,San Francisco,2024-11-17,125037,8627
576,Finley,Rodriguez,Marketing,New York,2018-05-11,64719,14814
577,Drew,Rodriguez,Operations,Denver,2020-09-22,53733,6993
578,Taylor,Jones,Research,Boston,2013-07-29,117503,24603
579,Emerson,Anderson,Sales,San Francisco,2023-09-17,79289,13332
580,Morgan,Thomas,Research,Atlanta,2012-07-14,128449,22128
581,Parker,Smith,Research,Remote,2022-12-07,100017,6267
582,Parker,Taylor,Product,Remote,2023-11-13,77918,18790
583,Hayden,Lopez,Sales,Denver,2013-05-02,80433,15711
584,Alex,Garcia,Support,Remote,2020-07-11,78818,13602
585,Hayden,Hernandez,Legal,Austin,2017-06-03,155463,10100
586,Sage,Gonzalez,HR,Austin,2011-10-08,44819,4237
587,Jordan,Thomas,Legal,Atlanta,2017-02-02,114642,18870
588,Alex,Brown,Sales,Denver,2019-04-01,117685,23424
589,Jordan,Martin,Engineering,Burlington,2024-04-19,115027,5755
590,Drew,Hernandez,HR,Chicago,2011-03-21,91846,14921
591,Finley,Martin,Finance,Atlanta,2024-09-27,121168,14103
592,Jamie,Smith,Operations,Chicago,2017-12-19,84436,6147
593,Taylor,Johnson,HR,San Francisco,2021-01-16,72670,9067
594,Blake,Brown,Marketing,Seattle,2023-09-14,94310,18720
595,Sage,Miller,Finance,Atlanta,2014-04-11,71253,16818
596,Emerson,Brown,Operations,Atlanta,2020-04-04,49407,6565
597,Hayden,Smith,Product,Remote,2011-02-02,136495,10500
598,Hayden,Taylor,Support,San Francisco,2022-12-23,80894,17615
599,Sage,Martin,Marketing,Burlington,2017-03-21,88829,6722
600,Finley,Davis,Support,Seattle,2018-12-04,78306,10472
601,Morgan,Jones,Operations,Denver,2023-07-07,99100,13930
602,Parker,Moore,Support,Austin,2014-07-04,50347,9580
603,Rowan,Jones,Finance,San Francisco,2021-04-20,104436,11291
604,Taylor,Lopez,Support,Remote,2020-10-10,69326,7936
605,Blake,Moore,Product,Seattle,2019-06-23,105651,19379
606,Morgan,Johnson,Engineering,Boston,2014-06-26,112000,6166
607,Quinn,Rodriguez,HR,San Francisco,2011-05-24,84010,6904
608,Rowan,Anderson,HR,New York,2023-10-27,53424,8453
609,Skyler,Gonzalez,Support,Austin,2021-06-17,77512,15384
610,Sage,Gonzalez,HR,Denver,2017-01-05,80804,4799
611,Riley,Martin,Support,Atlanta,2015-01-22,38582,7667
612,Finley,Miller,Operations,Austin,2016-08-06,86694,13812
613,Casey,Garcia,Legal,Remote,2012-09-04,89032,16607
614,Avery,Jones,Research,San Francisco,2023-02-06,66413,7027
615,Morgan,Johnson,HR,San Francisco,2017-03-27,42316,6062
616,Finley,Martinez,Product,Atlanta,2022-11-05,64068,15150
617,Parker,Taylor,Support,Austin,2014-02-15,53188,10999
618,Blake,Moore,Support,Remote,2019-01-18,39272,5931
619,Parker,Hernandez,Sales,Chicago,2016-08-01,74759,16946
620,Hayden,Moore,Finance,Boston,2012-07-28,129223,22440
621,Finley,Martin,Operations,Austin,2010-11-23,68870,15902
622,Taylor,Gonzalez,Operations,Seattle,2022-02-12,65167,13635
623,Rowan,Taylor,HR,Remote,2019-12-30,43383,6653
624,Riley,Hernandez,Legal,Remote,2011-11-06,76209,17501
625,Skyler,Moore,Sales,Boston,2024-01-23,62382,15049
626,Riley,Wilson,Sales,New York,2014-08-12,65333,11492
627,Blake,Williams,Support,San Francisco,2010-07-14,75779,17105
628,Jordan,Johnson,Legal,San Francisco,2015-08-26,140819,8107
629,Avery,Wilson,Support,Denver,2020-02-13,39381,8440
630,Taylor,Moore,Research,Boston,2024-05-21,99374,5304
631,Sam,Williams,Product,Chicago,2021-04-12,65059,12959
632,Finley,Williams,Sales,Seattle,2019-10-26,70708,13234
633,Hayden,Garcia,Research,Remote,2014-12-07,96189,17520
634,Skyler,Martinez,Marketing,San Francisco,2016-09-07,89805,18801
635,Skyler,Jones,Operations,New York,2010-12-09,98345,5136
636,Skyler,Williams,Engineering,Seattle,2014-09-17,116399,14994
637,Reese,Jones,Operations,San Francisco,2014-02-16,55396,12803
638,Taylor,Garcia,Finance,Burlington,2011-03-22,103883,10445
639,Quinn,Williams,Support,Seattle,2012-03-15,58140,9298
640,Parker,Lopez,Finance,San Francisco,2024-09-13,112144,16534
641,Riley,Hernandez,Finance,Atlanta,2020-02-09,64603,11234
642,Emerson,Jones,Operations,Burlington,2022-09-18,78701,8746
643,Casey,Smith,Operations,Chicago,2015-07-10,89723,21688
644,Avery,Lopez,Finance,San Francisco,2017-06-09,111127,19799
645,Quinn,Thomas,Legal,Remote,2012-06-10,116433,14175
646,Avery,Jones,Marketing,Remote,2014-05-29,83733,5559
647,Jordan,Smith,HR,Remote,2024-03-02,83078,14565
648,Emerson,Miller,Engineering,Boston,2022-05-16,137512,22796
649,Hayden,Jones,HR,Chicago,2018-10-21,72434,18090
650,Quinn,Jones,Finance,Atlanta,2021-03-29,124749,20947
651,Alex,Davis,Support,Burlington,2013-09-20,40346,4953
652,Emerson,Jackson,Support,San Francisco,2020-11-04,42737,3497
653,Jamie,Williams,Operations,Seattle,2018-04-15,45528,9210
654,Rowan,Gonzalez,Finance,Atlanta,2020-03-13,60253,5504
655,Taylor,Taylor,Engineering,Seattle,2015-11-28,69511,12491
656,Sage,Lopez,Product,Burlington,2024-08-27,103548,8777
657,Jamie,Taylor,Sales,Denver,2017-11-30,86133,10789
658,Finley,Smith,Operations,Remote,2013-02-12,71243,10431
659,Avery,Miller,Legal,San Francisco,2014-03-12,87898,5750
660,Taylor,Davis,Marketing,Denver,2017-05-29,66733,12910
661,Riley,Jackson,Sales,San Francisco,2024-07-08,83743,12206
662,Emerson,Jackson,Research,San Francisco,2013-01-08,64885,3804
663,Sam,Garcia,Support,Seattle,2014-01-14,37881,6229
664,Emerson,Smith,Support,Seattle,2011-12-04,81995,13928
665,Hayden,Garcia,Finance,Austin,2019-03-20,91139,22653
666,Casey,Martin,Product,Remote,2015-12-07,71416,11892
667,Drew,Martin,Marketing,Burlington,2011-07-18,88451,10484
668,Alex,Miller,Finance,Remote,2021-04-24,85744,6554
669,Casey,Thomas,Research,Burlington,2023-06-15,132427,22658
670,Taylor,Williams,Engineering,Atlanta,2024-10-15,143242,22386
671,Alex,Wilson,Marketing,Remote,2019-06-09,99119,15646
672,Blake,Davis,Operations,Atlanta,2018-07-21,93589,17737
673,Emerson,Brown,Operations,Denver,2013-01-01,77129,15293
674,Jordan,Martinez,HR,Burlington,2022-03-13,68719,6631
675,Alex,Jackson,Research,Remote,2012-08-23,84655,4325
676,Parker,Wilson,Support,Chicago,2012-05-23,36345,6575
677,Avery,Moore,Marketing,Denver,2022-08-31,70564,11789
678,Sage,Miller,Operations,Denver,2022-05-20,78444,19482
679,Skyler,Thomas,Support,Seattle,2016-11-17,59158,7338
680,Morgan,Brown,Product,Austin,2020-01-07,87548,16730
681,Parker,Moore,Marketing,Burlington,2011-03-03,51016,7737
682,Jordan,Jones,Marketing,Atlanta,2023-06-19,68346,12109
683,Rowan,Williams,Research,Burlington,2010-11-06,70403,7224
684,Reese,Martinez,Research,Burlington,2011-04-16,141177,18371
685,Riley,Taylor,Marketing,Seattle,2014-05-15,83417,11494
686,Jamie,Martin,Engineering,San Francisco,2010-10-23,134988,20532
687,Casey,Williams,Operations,Seattle,2018-12-17,56981,2852
688,Riley,Taylor,Operations,Boston,2011-07-17,81772,10719
689,Skyler,Jackson,Sales,Chicago,2017-10-17,88372,17252
690,Drew,Gonzalez,HR,Burlington,2010-02-08,54672,13264
691,Skyler,Williams,HR,Remote,2016-08-07,51801,7834
692,Avery,Moore,Operations,Burlington,2015-08-12,97748,20584
693,Jamie,Hernandez,Legal,Atlanta,2020-05-02,164741,26792
694,Avery,Williams,Product,Denver,2024-03-18,128961,18879
695,Parker,Wilson,Finance,Chicago,2021-08-02,108445,10409
696,Jamie,Martinez,Support,New York,2018-12-13,36466,7892
697,Hayden,Hernandez,Operations,Chicago,2014-11-26,47579,11241
698,Riley,Thomas,Product,Austin,2015-04-08,81526,19519
699,Riley,Davis,Finance,Burlington,2017-12-26,123328,11266
700,Jordan,Thomas,Marketing,Burlington,2010-02-24,91736,6786
701,Rowan,Martin,Support,Chicago,2021-01-16,81983,18003
702,Reese,Rodriguez,Product,Denver,2014-12-25,129501,19187
703,Blake,Thomas,Product,Remote,2010-09-24,70259,10900
704,Casey,Anderson,Support,New York,2021-08-16,52669,11696
705,Riley,Gonzalez,Legal,Burlington,2012-04-05,102302,5287
706,Casey,Moore,Operations,Seattle,2015-04-27,64028,14237
707,Rowan,Garcia,HR,Atlanta,2019-07-05,68395,11806
708,Rowan,Gonzalez,Finance,Seattle,2020-02-10,88851,17809
709,Jamie,Brown,Marketing,Seattle,2015-04-16,79284,19492
710,Morgan,Jones,Support,Atlanta,2010-03-21,56746,7160
711,Reese,Moore,Marketing,Chicago,2020-11-30,70291,5404
712,Sam,Gonzalez,HR,New York,2013-08-31,56054,12427
713,Taylor,Anderson,Engineering,Chicago,2015-10-30,84961,8568
714,Avery,Lopez,Operations,Boston,2019-03-28,63953,10328
715,Finley,Miller,Sales,Burlington,2022-12-01,74874,13920
716,Rowan,Hernandez,Support,Remote,2020-12-07,44377,9144
717,Quinn,Anderson,Legal,San Francisco,2013-10-04,157404,19866
718,Sage,Williams,Operations,New York,2013-08-20,67496,11640
719,Quinn,Rodriguez,Operations,Burlington,2024-06-16,56345,6388
720,Rowan,Jackson,Research,Remote,2020-02-06,85784,11922
721,Morgan,Davis,Research,Seattle,2011-10-18,77054,17016
722,Jordan,Thomas,Finance,Remote,2011-03-17,69685,4919
723,Jordan,Brown,Engineering,Seattle,2023-11-12,133842,20718
724,Sage,Martinez,Marketing,Austin,2015-07-20,50058,11829
725,Reese,Garcia,HR,Boston,2010-10-15,66816,5030
726,Hayden,Anderson,Operations,Remote,2016-02-10,92757,10670
727,Skyler,Garcia,Support,Burlington,2023-05-28,57352,13988
728,Emerson,Wilson,Legal,Remote,2024-05-08,132580,23489
729,Skyler,Davis,Support,New York,2019-11-29,50863,6074
730,Quinn,Smith,HR,Boston,2021-09-27,62483,6370
731,Alex,Thomas,Marketing,Atlanta,2016-09-20,65633,9440
732,Finley,Davis,Engineering,Boston,2022-04-18,133396,27958
733,Blake,Gonzalez,Operations,Austin,2013-08-30,54061,12241
734,Jordan,Wilson,Research,Austin,2021-08-03,132587,12478
735,Quinn,Moore,Product,Seattle,2019-04-06,124605,23292
736,Quinn,Brown,Finance,Atlanta,2023-11-09,121864,10538
737,Riley,Hernandez,Legal,Boston,2013-05-31,98124,17127
738,Taylor,Martinez,Engineering,Seattle,2012-10-21,151335,8236
739,Morgan,Smith,Legal,Atlanta,2014-11-15,141802,13692
740,Hayden,Lopez,Operations,Atlanta,2010-09-17,67405,13962
741,Morgan,Johnson,Operations,Seattle,2018-10-20,47820,9569
742,Avery,Gonzalez,Sales,Boston,2012-09-26,87937,7590
743,Jamie,Johnson,Finance,Austin,2020-05-03,86244,21129
744,Hayden,Gonzalez,Sales,Seattle,2017-03-31,86437,21300
745,Skyler,Taylor,Marketing,New York,2015-09-07,82749,4835
746,Sam,Miller,Legal,New York,2015-04-18,133297,11962
747,Avery,Jackson,Research,New York,2018-11-17,90259,7534
748,Hayden,Martin,Finance,San Francisco,2018-05-01,57678,3368
749,Finley,Hernandez,Sales,Boston,2011-05-05,67913,10185
750,Taylor,Jones,Operations,Atlanta,2015-03-22,80327,15283
751,Rowan,Anderson,Operations,Austin,2010-06-24,99744,20718
752,Sam,Thomas,Research,Atlanta,2022-07-16,93086,7162
753,Emerson,Garcia,HR,Remote,2017-10-19,72393,10715
754,Finley,Moore,Operations,San Francisco,2011-07-19,85386,8971
755,Avery,Moore,Support,Chicago,2020-03-08,43441,4740
756,Casey,Smith,Engineering,Burlington,2018-03-02,134280,20302
757,Skyler,Gonzalez,Product,Austin,2021-10-03,79102,15361
758,Quinn,Hernandez,Legal,Denver,2024-05-17,145510,11761
759,Jordan,Johnson,Operations,San Francisco,2014-01-03,49562,7664
760,Taylor,Johnson,Engineering,Burlington,2024-05-24,83782,12322
761,Emerson,Rodriguez,Research,Boston,2018-03-21,118265,18350
762,Riley,Thomas,Finance,New York,2020-07-01,103052,6613
763,Blake,Lopez,Engineering,Boston,2023-11-02,97761,19424
764,Quinn,Williams,HR,Austin,2021-08-26,71625,14100
765,Sage,Miller,Sales,Austin,2021-10-20,57883,5568
766,Skyler,Moore,Finance,Denver,2012-05-14,100322,24027
767,Blake,Brown,Product,San Francisco,2014-01-17,88637,12563
768,Casey,Moore,Support,Burlington,2019-12-09,55274,6494
769,Parker,Lopez,Operations,Denver,2024-03-15,95183,15230
770,Jamie,Jackson,Research,Remote,2014-10-19,132397,15184
771,Avery,Lopez,Research,Atlanta,2020-01-14,127319,29949
772,Quinn,Martin,Research,Boston,2021-08-11,63016,3587
773,Quinn,Davis,Marketing,Austin,2017-01-23,104604,11544
774,Avery,Moore,Engineering,Remote,2022-06-24,133894,31956
775,Sam,Anderson,Product,Chicago,2013-07-02,134073,10852
776,Jamie,Davis,Marketing,Seattle,2016-09-26,60899,13880
777,Riley,Williams,Sales,Chicago,2020-10-27,89793,14709
778,Emerson,Brown,Marketing,Burlington,2024-05-28,74296,17073
779,Sage,Williams,HR,Boston,2017-07-02,44092,9332
780,Taylor,Davis,Operations,Burlington,2010-04-04,93876,12847
781,Parker,Moore,Research,Burlington,2013-05-10,67546,10461
782,Sam,Gonzalez,Operations,Atlanta,2023-05-08,72138,6792
783,Quinn,Gonzalez,Product,San Francisco,2012-12-18,100378,9477
784,Sam,Moore,Operations,Denver,2015-11-21,47954,7878
785,Morgan,Jones,Sales,Atlanta,2022-07-18,78099,10691
786,Riley,Moore,Finance,Burlington,2021-10-04,94077,16976
787,Blake,Hernandez,Finance,Burlington,2012-01-04,75415,7786
788,Rowan,Miller,Sales,Chicago,2017-09-23,96678,13023
789,Casey,Lopez,Product,Burlington,2019-12-02,112432,22928
790,Jamie,Miller,Product,Chicago,2013-07-01,71665,4226
791,Finley,Jones,Sales,Seattle,2010-04-23,58641,3571
792,Drew,Thomas,Operations,Boston,2017-06-11,83162,6008
793,Skyler,Taylor,Finance,Seattle,2022-04-23,113240,10460
794,Alex,Gonzalez,Legal,Burlington,2024-11-18,131812,32750
795,Quinn,Miller,Support,Burlington,2016-02-01,38087,3201
796,Jordan,Gonzalez,Engineering,Seattle,2024-11-14,106916,25556
797,Sage,Davis,Operations,Denver,2021-05-28,92982,5003
798,Finley,Moore,Sales,New York,2014-03-08,112463,16524
799,Alex,Johnson,Finance,Austin,2021-11-15,95049,13458
800,Casey,Smith,HR,Chicago,2017-11-22,60679,7808
801,Reese,Rodriguez,Operations,Boston,2024-01-14,79213,7702
802,Alex,Moore,HR,Seattle,2015-01-22,91205,20802
803,Morgan,Williams,Marketing,Denver,2021-09-05,65507,8422
804,Blake,Davis,Product,Burlington,2013-06-05,129816,24315
805,Parker,Anderson,Research,Remote,2012-12-15,144525,33522
806,Riley,Jones,Finance,Seattle,2021-10-01,106587,17715
807,Morgan,Jackson,Marketing,San Francisco,2017-02-13,70803,16412
808,Taylor,Garcia,Sales,Chicago,2013-04-07,88899,21310
809,Blake,Wilson,Engineering,Seattle,2019-12-09,133358,30142
810,Morgan,Garcia,HR,Boston,2023-09-23,50509,4423
811,Jamie,Martin,Product,Austin,2015-03-07,81349,13293
812,Hayden,Jones,Engineering,Remote,2023-07-25,97614,18315
813,Sage,Thomas,Legal,Atlanta,2013-01-31,140353,17514
814,Alex,Rodriguez,Marketing,Denver,2014-12-29,56595,3194
815,Drew,Martin,Finance,Atlanta,2017-04-15,114591,7245
816,Sam,Martin,Legal,Denver,2017-01-07,157208,21303
817,Finley,Moore,Research,Remote,2024-05-21,114366,22700
818,Sam,Davis,Engineering,Remote,2022-01-24,111817,15690
819,Sage,Taylor,Research,Boston,2014-04-05,145641,8425
820,Quinn,Anderson,HR,San Francisco,2019-06-23,66615,15113
821,Reese,Jones,HR,Atlanta,2024-06-28,76335,4649
822,Casey,Jackson,Legal,Remote,2013-01-13,80682,12112
823,Casey,Anderson,Research,Burlington,2014-07-13,97738,13700
824,Casey,Brown,Legal,New York,2012-07-24,80657,9260
825,Sage,Taylor,Legal,Burlington,2013-08-02,132870,8910
826,Casey,Hernandez,Research,Burlington,2024-10-16,109229,6420
827,Sam,Wilson,Marketing,Seattle,2016-12-10,54727,4319
828,Morgan,Miller,Legal,Boston,2023-12-19,99722,8589
829,Hayden,Moore,HR,Boston,2023-08-21,42683,6382
830,Hayden,Anderson,Legal,Denver,2019-11-29,94836,15910
831,Skyler,Rodriguez,Sales,Burlington,2024-02-06,91882,4714
832,Casey,Jones,Support,Boston,2024-08-26,75365,6897
833,Emerson,Martin,Operations,Seattle,2017-06-05,45315,10004
834,Casey,Garcia,Sales,Seattle,2023-09-16,54334,7247
835,Drew,Jackson,Product,Chicago,2010-10-21,105782,17182
836,Sage,Williams,Sales,Denver,2022-05-07,103258,11829
837,Avery,Hernandez,Sales,Remote,2019-04-13,70912,5453
838,Sam,Brown,Support,Burlington,2024-02-09,46072,4229
839,Finley,Martinez,Support,Denver,2023-08-28,83385,12235
840,Finley,Lopez,Operations,San Francisco,2023-10-12,58156,9597
841,Hayden,Thomas,Product,San Francisco,2023-09-02,99711,19527
842,Alex,Brown,Finance,Boston,2020-06-05,110852,27253
843,Finley,Wilson,Sales,Denver,2011-01-08,101147,9251
844,Riley,Smith,Operations,Austin,2016-04-26,63339,13377
845,Reese,Moore,HR,Chicago,2010-02-20,86250,9621
846,Emerson,Martin,Sales,Boston,2013-12-09,97636,11547
847,Hayden,Thomas,Finance,Boston,2024-06-25,82119,9656
848,Skyler,Hernandez,Marketing,Atlanta,2019-04-15,73889,12963
849,Parker,Moore,Engineering,Remote,2010-06-03,139489,15325
850,Rowan,Williams,Finance,San Francisco,2016-04-16,100882,11737
851,Skyler,Garcia,Engineering,Burlington,2023-08-02,95845,11985
852,Quinn,Hernandez,Research,Boston,2016-02-03,78739,5776
853,Rowan,Anderson,Research,Seattle,2014-11-06,70291,15844
854,Sam,Miller,Support,New York,2019-12-15,50511,3659
855,Reese,Jones,Support,Austin,2017-08-18,37196,5450
856,Parker,Jones,Legal,New York,2021-07-30,142314,22019
857,Sage,Taylor,Marketing,New York,2010-02-03,57311,3284
858,Finley,Williams,HR,Chicago,2020-06-21,94210,17655
859,Quinn,Smith,Engineering,Burlington,2017-01-01,75073,15257
860,Avery,Moore,Finance,Chicago,2019-11-23,81386,7203
861,Taylor,Smith,Sales,Burlington,2022-07-21,69540,5667
862,Skyler,Hernandez,Support,Seattle,2013-03-05,40914,6485
863,Quinn,Martin,HR,Chicago,2022-02-15,74148,6247
864,Sam,Brown,Legal,Denver,2011-03-17,76869,4289
865,Finley,Jackson,Sales,Atlanta,2023-10-28,79999,6863
866,Skyler,Williams,Operations,Atlanta,2022-09-26,61196,13064
867,Drew,Brown,Marketing,Atlanta,2016-12-17,50574,10644
868,Morgan,Martin,Legal,Seattle,2018-02-25,117172,28061
869,Parker,Hernandez,Research,Atlanta,2020-12-07,78401,18302
870,Hayden,Anderson,Engineering,San Francisco,2016-05-01,71752,5207
871,Taylor,Gonzalez,Operations,New York,2017-04-23,78015,5888
872,Skyler,Anderson,Support,Denver,2023-03-31,67173,14004
873,Casey,Thomas,Research,Denver,2011-06-26,83040,8199
874,Blake,Wilson,Operations,Burlington,2017-09-04,55194,10421
875,Jordan,Jackson,Support,Atlanta,2012-07-25,69318,5865
876,Taylor,Anderson,Product,San Francisco,2016-11-28,107686,12392
877,Finley,Gonzalez,Research,Chicago,2021-02-01,68847,4939
878,Emerson,Smith,Engineering,San Francisco,2024-10-27,73966,15784
879,Finley,Jackson,Marketing,Atlanta,2014-05-22,72178,7816
880,Emerson,Martinez,Finance,Denver,2017-09-21,108795,12328
881,Reese,Gonzalez,Sales,San Francisco,2016-08-06,90625,15614
882,Sam,Smith,Engineering,Remote,2018-01-21,98491,15736
883,Jamie,Wilson,Sales,Burlington,2018-11-04,109564,24447
884,Blake,Moore,Operations,Austin,2024-11-10,84198,11047
885,Sage,Lopez,Marketing,Denver,2013-06-17,73492,6441
886,Morgan,Smith,HR,New York,2024-07-17,97857,18006
887,Blake,Jones,Engineering,New York,2013-01-29,78671,17856
888,Finley,Wilson,Research,Burlington,2014-01-12,135252,30934
889,Drew,Gonzalez,Legal,Chicago,2015-01-24,120903,19394
890,Hayden,Davis,Marketing,Remote,2016-01-15,70486,3629
891,Sam,Johnson,Research,Burlington,2020-11-02,140831,23275
892,Jordan,Jones,Operations,Remote,2016-04-08,49718,7274
893,Finley,Williams,Legal,Austin,2020-08-06,121627,18812
894,Emerson,Martinez,Sales,Burlington,2011-03-09,97517,15392
895,Drew,Taylor,Operations,Atlanta,2022-11-15,74017,3860
896,Quinn,Martinez,Operations,San Francisco,2010-10-17,67450,16330
897,Emerson,Rodriguez,Product,Boston,2024-02-12,119954,23438
898,Quinn,Martin,Legal,Boston,2016-06-07,127501,20983
899,Avery,Rodriguez,Legal,San Francisco,2023-10-24,79920,12077
900,Taylor,Martin,HR,San Francisco,2023-04-10,57412,5821
901,Casey,Rodriguez,Marketing,Austin,2020-11-16,84549,10480
902,Parker,Williams,Marketing,San Francisco,2023-05-11,92962,20675
903,Blake,Gonzalez,Marketing,Austin,2024-10-26,95256,19103
904,Emerson,Lopez,Legal,Boston,2024-05-28,141695,11825
905,Casey,Anderson,HR,Denver,2020-09-06,84307,6171
906,Skyler,Davis,HR,Denver,2018-10-01,68670,16456
907,Blake,Smith,Legal,Seattle,2020-01-25,97212,15173
908,Sam,Brown,Research,Remote,2024-04-18,119993,29080
909,Avery,Hernandez,Operations,Seattle,2015-12-28,98276,13400
910,Drew,Davis,Sales,Burlington,2014-05-16,68363,11405
911,Casey,Hernandez,Support,Remote,2010-03-28,52195,9815
912,Taylor,Taylor,Engineering,New York,2020-01-02,139188,7292
913,Riley,Johnson,Operations,Boston,2023-11-23,55838,5955
914,Riley,Martin,Sales,New York,2012-09-09,54867,9263
915,Emerson,Garcia,Sales,New York,2014-02-18,109237,8299
916,Jordan,Anderson,HR,Seattle,2019-07-30,58495,10651
917,Avery,Johnson,Operations,Denver,2018-09-19,58022,11961
918,Avery,Garcia,Operations,Atlanta,2011-07-23,100567,10222
919,Sage,Garcia,Legal,Atlanta,2012-06-07,166024,14964
920,Finley,Brown,Marketing,Atlanta,2015-10-23,77437,10550
921,Avery,Anderson,Sales,Boston,2021-03-01,53370,3420
922,Sam,Gonzalez,Marketing,Seattle,2013-05-26,84171,4223
923,Reese,Thomas,Operations,Atlanta,2019-10-13,95305,15718
924,Jordan,Moore,Research,Austin,2010-01-28,133900,27608
925,Hayden,Brown,Research,Burlington,2022-01-03,143149,30575
926,Sam,Williams,Operations,Chicago,2021-12-28,62406,6899
927,Quinn,Miller,Operations,San Francisco,2022-06-09,47834,6788
928,Quinn,Gonzalez,Engineering,New York,2024-02-23,151141,27529
929,Drew,Miller,Operations,San Francisco,2010-10-20,71222,16170
930,Jamie,Thomas,Finance,Denver,2011-06-01,58927,14689
931,Drew,Smith,Support,Boston,2017-08-11,66883,10028
932,Sage,Brown,Engineering,Austin,2024-08-31,95719,18588
933,Skyler,Jones,Support,Burlington,2015-03-24,58001,10765
934,Alex,Thomas,Sales,Burlington,2011-01-11,53507,4190
935,Casey,Johnson,Finance,Seattle,2012-03-08,110298,8394
936,Jordan,Brown,Legal,New York,2021-02-24,130677,28366
937,Riley,Wilson,Product,Chicago,2019-01-07,123934,11663
938,Skyler,Jones,Operations,Chicago,2014-10-13,50158,9370
939,Taylor,Rodriguez,Engineering,San Francisco,2019-04-24,118191,13840
940,Drew,Davis,Marketing,Burlington,2010-11-30,86777,13943
941,Finley,Gonzalez,Marketing,San Francisco,2010-05-09,50998,11192
942,Jordan,Jackson,Legal,Seattle,2019-05-03,79749,4102
943,Avery,Taylor,Legal,Atlanta,2019-03-30,138466,12632
944,Sam,Martin,Finance,San Francisco,2021-03-19,128294,22080
945,Quinn,Lopez,Product,Denver,2010-02-07,136023,23863
946,Reese,Brown,Support,Burlington,2018-02-12,47310,3477
947,Riley,Rodriguez,Support,Boston,2014-05-06,60361,8622
948,Hayden,Thomas,Sales,San Francisco,2013-08-01,105169,19671
949,Riley,Wilson,Engineering,Seattle,2017-07-01,70754,8691
950,Sam,Brown,Product,Boston,2022-01-20,124412,25091
951,Reese,Brown,Marketing,New York,2015-04-12,54482,3040
952,Riley,Hernandez,Legal,Austin,2012-06-21,128899,14848
953,Blake,Miller,Operations,Denver,2014-12-13,56320,5486
954,Blake,Jones,Sales,Austin,2023-09-02,83027,12195
955,Drew,Miller,Legal,Chicago,2016-01-19,89093,11109
956,Emerson,Johnson,Finance,Seattle,2013-01-23,82527,4656
957,Casey,Hernandez,Sales,Austin,2016-08-14,108912,15434
958,Finley,Garcia,Product,Burlington,2022-05-26,72543,15155
959,Hayden,Miller,Finance,Burlington,2020-08-14,63572,14074
960,Jamie,Davis,Legal,Chicago,2019-09-28,98800,19365
961,Morgan,Jackson,Product,Boston,2019-05-16,77792,18319
962,Reese,Johnson,Engineering,Denver,2021-11-29,69525,10020
963,Taylor,Anderson,Research,Atlanta,2015-05-25,103258,21643
964,Blake,Miller,Sales,San Francisco,2018-01-15,88977,4669
965,Alex,Thomas,HR,Seattle,2013-08-18,55387,13835
966,Alex,Anderson,Legal,Atlanta,2013-02-09,154360,30788
967,Drew,Smith,Research,New York,2018-08-19,78535,17616
968,Avery,Martin,Operations,Remote,2022-11-26,73781,8065
969,Parker,Johnson,Finance,Remote,2018-03-01,116864,7735
970,Finley,Johnson,Engineering,Chicago,2018-03-21,75765,9328
971,Skyler,Miller,Marketing,San Francisco,2017-07-06,83890,16020
972,Emerson,Miller,Finance,Austin,2017-03-10,98012,17623
973,Blake,Rodriguez,Operations,Boston,2011-06-04,94920,14305
974,Reese,Brown,Operations,Atlanta,2021-12-06,63085,9288
975,Rowan,Williams,Support,Austin,2020-04-08,79173,11115
976,Quinn,Williams,Sales,New York,2013-09-11,56451,12960
977,Morgan,Miller,HR,Remote,2024-01-26,48273,3842
978,Skyler,Jones,Engineering,Atlanta,2017-10-11,91798,22390
979,Quinn,Miller,Research,New York,2010-06-30,100284,17944
980,Parker,Wilson,Finance,Burlington,2017-09-09,120456,18541
981,Reese,Moore,Operations,Atlanta,2020-04-09,71202,13042
982,Quinn,Garcia,HR,Seattle,2015-02-01,73766,16940
983,Sam,Jones,Legal,Chicago,2016-05-18,107702,11591
984,Casey,Moore,Legal,Seattle,2014-02-02,163796,28455
985,Morgan,Garcia,Marketing,Austin,2012-08-15,95359,17982
986,Drew,Rodriguez,Engineering,Chicago,2014-02-20,153452,25305
987,Parker,Lopez,Finance,San Francisco,2018-05-13,99749,5679
988,Quinn,Brown,Legal,Boston,2019-01-28,123827,10218
989,Parker,Jones,Legal,Boston,2022-04-02,145777,34922
990,Hayden,Martinez,Support,Burlington,2024-12-16,51901,9917
991,Drew,Hernandez,Marketing,New York,2020-09-28,92974,18195
992,Quinn,Smith,Engineering,Denver,2023-11-07,78269,12538
993,Sam,Martin,Finance,Austin,2023-02-01,90893,6225
994,Avery,Miller,Support,Boston,2011-11-16,46662,11065
995,Jordan,Taylor,Support,Denver,2014-05-12,76773,14234
996,Sam,Lopez,Legal,Denver,2013-04-26,102504,17529
997,Quinn,Lopez,Research,Chicago,2016-11-28,94048,11715
998,Drew,Wilson,Legal,Atlanta,2016-06-22,155932,10528
999,Blake,Wilson,Marketing,San Francisco,2023-03-04,93340,22781
1000,Hayden,Taylor,Product,Chicago,2011-06-26,66886,6123
